"Adrian Sanchez, DDS","1260 Huntington Dr  Ste 100  South Pasadena, CA 91030",(323) 255-6698
"Amy Ear, PhD LAc","1416 El Centro St  Ste 300  Kin Wellness Center  South Pasadena, CA 91030",(626) 768-1232
"Brian C Su, MD","South Pasadena, CA 91030",
"Britta Bushnell,  PHD","1416 El Centro St  Ste 100  SANTA MONICA, CA 91030",(310) 738-7390
"Cafe X2O, South Pasadena","818 Fair Oaks Ave  South Pasadena, CA 91030",(626) 460-6400
"Carolyn E Lamb, MD","2050 Huntington Dr  Ste D  South Pasadena, CA 91030",(626) 799-4151
"Catherine S. Smith, Ph.d.","1605 Hope St  Ste 305  South Pasadena, CA 91030",(626) 403-8075
"Cindy P. Wang, OD FAAO","729 Mission St  Ste 200  South Pasadena, CA 91030",(626) 441-5300
"Craig G. Clark, Ph.D.","1800 Fair Oaks Ave  Ste A  South Pasadena, CA 91030",(626) 437-1432
"Darshana Lele, PhD","719 Fremont Ave  South Pasadena, CA 91030",(626) 594-5353
"David Chen, DC","1151 El Centro St  Ste A  South Pasadena, CA 91030",(626) 403-3000
"David J. Seto, M.D. - Wu-Wei Osteopathy & Acupuncture","1108 Fremont Ave  South Pasadena, CA 91030",(626) 788-1639
"Davina Kotulski, PhD","1000 Fremont Ave  Second Floor  South Pasadena, CA 91030",(626) 200-4375
"Dirk de Brito, MD MPH","503 Fair Oaks  South Pasadena, CA 91030",(626) 405-4001
"Dr Tetsuya Iio, Dc","630 Mission St  Ste C3  South Pasadena, CA 91030",(626) 403-5715
"Eric Yn, CPA","1260 Huntington Dr  Ste 201  South Pasadena, CA 91030",(323) 478-1891
"Frederick R Harris,OD","1941 Huntington Dr  Ste F  South Pasadena, CA 91030",(626) 799-2212
"Gary Seto, MD","1800 Fair Oaks Ave  Ste A  South Pasadena, CA 91030",(626) 441-3298
"Gin H Goei, DDS","1730 Huntington Dr  Ste 202  South Pasadena, CA 91030",(626) 441-4339
"Hala Al-Tarifi, DDS","1730 Huntington Dr  Ste 102  South Pasadena, CA 91030",(626) 799-2990
"Harmon, Wong & Im","1499 Huntington Dr  Ste 200  South Pasadena, CA 91030",(626) 403-9911
"Heather Hyun, DO","1730 Huntington Dr  Ste 203  South Pasadena, CA 91030",(626) 578-5755
"Hemant Upadhyaya, MD","1941 Huntington Dr  Ste C  South Pasadena, CA 91030",(626) 799-7127
"J & J Plumbing Services,INC","124 Monterey Rd  Ste 206  South Pasadena, CA 91030",(626) 799-7121
"Jacqueline Woods, LMFT","1949 Huntington Dr  Unit A  Pacific Trauma Treatment Center  South Pasadena, CA 91030",(626) 808-4030
"James P Pappas, DDS","2050 Huntington Dr  Ste A  South Pasadena, CA 91030",(626) 441-2975
"Jeannette A Martello, MD","701 Fremont Ave  South Pasadena, CA 91030",(626) 403-1747
"Jennifer Chen, DDS","1941 Huntington Dr  Ste H  South Pasadena, CA 91030",(626) 441-1139
"Jessica Colp, Life Coach","South Pasadena, CA 91030",(626) 390-9600
"John W Chu, DMD","1016 Fair Oaks Ave  South Pasadena, CA 91030",(626) 799-0852
"Joseph J Hsiou, DDS","2130 Huntington Dr  Ste 202  South Pasadena, CA 91030",(626) 441-4511
"Justin Hu, OD - South Pasadena Eye Care","1103 Fair Oaks Ave  South Pasadena, CA 91030",(626) 441-0770
"Justine J Rhee, DC - Innate Chiropractic & Children Wellness","1800 Fair Oaks Ave  Ste C  Innate Chiropractic and Children's Wellness  South Pasadena, CA 91030",(626) 219-6999
"Kent Wilson, DDS","1941 Huntington Dr  Ste B  South Pasadena, CA 91030",(626) 441-1167
"Lysander Jim, MD","1401 Mission St  Ste C5  South Pasadena, CA 91030",(626) 838-5485
"Manny Burgess, PHD","1910 Huntiington Dr  South Pasadena, CA 91030",(626) 441-6111
"Mark Melchiorre, LAc","1118 Fair Oaks Ave  South Pasadena, CA 91030",(626) 799-2364
"Mary Ann Aronsohn, MA, LMFT","1910 Huntington Dr  #15  South Pasadena, CA 91030",(626) 441-5131
"Mary Chess-Abelson, DDS","500 Columbia St  South Pasadena, CA 91030",(323) 682-1133
"Mitchell C Latter, MD","1499 Huntington Dr  Ste 508  South Pasadena, CA 91030",(626) 225-2998
"Patricia Engert, PHD","719 Fremont Ave  South Pasadena, CA 91030",(626) 403-3500
"Pei Li Zhong-Fong, LAC FABORM","1949 Huntington Dr  South Pasadena, CA 91030",(626) 799-8855
"Peter S Joe, DDS","1427 Mission St  Little Crown Pediatric Dentistry  South Pasadena, CA 91030",(626) 403-1800
"Petty Richard A,DDS","2050 Huntington Dr  Ste B  South Pasadena, CA 91030",(626) 441-2255
"Rahul Jandial, MD PHD","209 Fair Oaks Ave  South Pasadena, CA 91030",(626) 396-2900
"Raymond Kwok, DMD and Associates","1928 Huntington Dr  South Pasadena, CA 91030",(626) 799-1252
"Reena R Patel, MD","1730 Huntington Dr  Ste 203  South Pasadena, CA 91030",(626) 765-7852
"Richard Fuentes,DDS","1928 Huntington Dr  Ste A  South Pasadena, CA 91030",(626) 441-5000
"Sean Tsai, DO","1108 Fremont Ave  South Pasadena, CA 91030",(626) 793-0660
"Stanislawski & Company, Inc","729 Mission St  Ste 100  South Pasadena, CA 91030",(626) 441-0330
"Ted A Moreno, C.Ht","1910 Huntington Dr  Ste 9  Los Angeles, CA 91030",(626) 826-0612
"Tia Hem, LAc - The Ananda Acupuncture & Wellness Center","2120 Huntington Dr  Ste A  South Pasadena, CA 91030",(213) 784-9529
"Tony S Hwang, DDS","1941 Huntington Dr  Ste A  South Pasadena, CA 91030",(626) 308-1807
"Tso J Vincent, DMD, FACP","627 Fremont Ave  South Pasadena, CA 91030",(626) 799-6255
"Victor A Robinette CPA, CFP","1414 Fair Oaks Ave  Ste 6  South Pasadena, CA 91030",(626) 799-4761
"Wei Feng, M.D.","208 S Fair Oaks Ave  City Of Hope  Pasadena, CA 91030",(626) 396-2900
"Wireless Plus, Verizon Authorized Retailer","816 Fair Oaks Ave  South Pasadena, CA 91030",(626) 441-4000
"road2recovery psychotherapy with April Nelson Afoa, LMFT","1910 Huntington Dr  Room 2  Road2recovery Psychotherapy  South Pasadena, CA 91030",(714) 348-3978
360 Wellness,"1605 Hope St  Ste 345  South Pasadena, CA 91030",(626) 445-2139
3rd Generation,"1325 Huntington Dr  South Pasadena, CA 91030",(323) 254-2505
626Drift,"South Pasadena, CA 91030",(626) 344-7501
A Moment of Peace,"1000 Fremont Ave  Ste 206  South Pasadena, CA 91030",(818) 635-9702
AQC Design and Remodel,"Pasadena, CA 91030",(626) 216-9445
AT&T Store,"712 Fair Oaks Blvd  South Pasadena, CA 91030",(626) 799-7499
ATP Specific Training,"1944 Huntington Dr  South Pasadena, CA 91030",(626) 403-6545
Abel Garfias - Real Estate Heaven,"1517 S Fair Oaks Ave  South Pasadena, CA 91030",(323) 524-8929
Abel's Pool Service,"South Pasadena, CA 91030",(626) 255-5421
Action Towing,"1312 Fair Oaks Ave  South Pasadena, CA 91030",(626) 441-1863
Acupuncture Avenue,"1800 Fair Oaks Ave  Ste C  South Pasadena, CA 91030",(626) 734-7779
Adriana's Body & Skin Care,"1315 Fair Oaks Ave  Ste 203  South Pasadena, CA 91030",(626) 840-8888
Adroit Sound & Entertainment,"South Pasadena, CA 91030",(626) 399-6122
Advanced Fitness Chiropractic,"1610 Mission St  South Pasadena, CA 91030",(626) 441-1800
Alina's Moving,"Los Angeles, CA 91030",(855) 996-0996
All Lady Locksmiths,"South Pasadena, CA 91030",(626) 799-5397
Almansor Academy Special Education Day School Program,"1955 Fremont Ave  South Pasadena, CA 91030",(323) 257-3006
Anna Aghoyan Hair,"1017 El Centro  Ste 14  South Pasadena, CA 91030",(626) 799-6446
Anthony the Tailor,"1520 Mission St  South Pasadena, CA 91030",(626) 799-0750
Aquino & Loew,"625 Fair Oaks Ave  Ste 101  South Pasadena, CA 91030",(888) 797-1140
Arco,"736 Mission St  South Pasadena, CA 91030",(323) 682-3301
Arnes Garage Door,"South Pasadena, CA 91030",(626) 497-7004
Arroyo Vista Inn,"335 Monterey Rd  South Pasadena, CA 91030",(323) 478-7300
Art Studio For Kids,"1832 Fremont Ave  South Pasadena, CA 91030",(323) 308-5100
Art Work Place,"1414 Fair Oaks Ave  Ste 1B  South Pasadena, CA 91030",(626) 578-5626
Ash Hammad -  Curb Perfect,"1499 Huntington Dr  Ste 500  South Pasadena, CA 91030",(888) 997-2872
Asia Arts Association,"435 S Fair Oaks Ave  South Pasadena, CA 91030",(818) 378-8310
Aspire Therapy Center,"1151 El Centro St  Ste B  South Pasadena, CA 91030",(323) 345-1402
Associated Environmental Management,"812 Fremont Ave  South Pasadena, CA 91030",(213) 389-9600
Azure Couture Invitations & Design,"1000 Fremont Ave  Ste F  South Pasadena, CA 91030",(626) 594-5971
Ballusionist,"South Pasadena, CA 91030",(626) 840-6071
Bank of America,"929 Fair Oaks Ave  South Pasadena, CA 91030",(626) 578-5125
Bank of the West,"1833 Atlantic Blvd  South Pasadena, CA 91030",(626) 799-9522
Barristers Nursery & Garden Center,"915 Meridian Ave  South Pasadena, CA 91030",(626) 441-1323
Ben's Barber Shop,"444 Fair Oaks Ave  South Pasadena, CA 91030",(626) 441-6084
Bent,"1011 Mission St  South Pasadena, CA 91030",(626) 403-6453
Berg-Feinfeld Vision Correction,"1936 Huntington Dr  Unit A  South Pasadena, CA 91030",(626) 795-9793
Bernard Pallares DDS,"2050 Huntington Dr  South Pasadena, CA 91030",(626) 799-8918
Beyond the Classroom,"304 Pasadena Ave  South Pasadena, CA 91030",(626) 394-8954
Big Lots,"1401 Huntington Dr  Ste A  South Pasadena, CA 91030",(626) 441-5493
Bikram Yoga South Pasadena,"526 Mission St  South Pasadena, CA 91030",(626) 799-5656
Bistro de la Gare,"921 Meridian Ave  South Pasadena, CA 91030",(626) 799-8828
Blackbyrd,"1020 Fair Oaks Ave  South Pasadena, CA 91030",(626) 460-8065
Blaze Fast-Fire'd Pizza,"1100 Fair Oaks Ave  South Pasadena, CA 91030",(626) 500-0498
Body Support Center,"1017 Mission St  South Pasadena, CA 91030",(323) 705-4272
Bonsoir Nails,"1009 Fair Oaks Ave  South Pasadena, CA 91030",(626) 799-1228
Boortz Steven L Law Offices of,"1003 Diamond Ave  Ste 204  South Pasadena, CA 91030",(626) 441-1038
Borboleta Decors,"1510 Mission St  South Pasadena, CA 91030",(626) 314-4751
Boutique Jasleen,"1020-A Mission St  South Pasadena, CA 91030",(626) 403-0300
Briganti,"1423 Mission St  South Pasadena, CA 91030",(626) 441-4663
Bristol Farms,"606 Fair Oaks Ave  South Pasadena, CA 91030",(626) 441-5450
Bryant Companies,"812 Fair Oaks Ave  South Pasadena, CA 91030",(626) 441-3141
Bryant Properties,"1108 Fair Oaks Ave  South Pasadena, CA 91030",(626) 441-2127
Bungalow 1026 - The Fine Art of Skincare,"1026 Mission St  South Pasadena, CA 91030",(626) 639-6696
Bunn & Bunn,"1112 Fair Oaks Ave  South Pasadena, CA 91030",(626) 792-9421
Byu-Te,"1903 Fremont Ave  South Pasadena, CA 91030",(626) 269-9833
CM Surgical Specialty Group,"1412 Huntington Dr  South Pasadena, CA 91030",(626) 403-6824
Cake Sensations,"811 Fair Oaks Ave  South Pasadena, CA 91030",(626) 799-6799
California Culinary Retreats,"South Pasadena, CA 91030",(213) 842-0810
California School of Dental Assisting,"1506 Huntington Dr  South Pasadena, CA 91030",(626) 799-3777
Calvary Preschool,"1050 Fremont Ave  South Pasadena, CA 91030",(626) 799-0385
Camille DePedrini Boutique,"1516 Mission St  South Pasadena, CA 91030",(626) 441-7868
Canoe House,"805 Fair Oaks Ave  South Pasadena, CA 91030",(626) 799-4169
Cantu Graphics,"1421 Mission St  South Pasadena, CA 91030",(626) 441-5631
Cardinal Management Group,"1260 Huntington Dr  Ste 104  South Pasadena, CA 91030",(323) 349-0865
Carrillo Law Firm,"1499 Huntington Dr  Ste 402  South Pasadena, CA 91030",(626) 799-9375
Carrows Restaurants,"815 Fremont Ave  South Pasadena, CA 91030",(626) 799-0561
Cataldo,"835 Mission St  South Pasadena, CA 91030",(626) 799-4400
Catherine Alexandria - Electrolysis Hair Removal,"1965 Huntington Dr  South Pasadena, CA 91030",(213) 925-2825
Celebration Kids,"1101 Arroyo Verde Rd  South Pasadena, CA 91030",(323) 258-9890
Charlie's Coffee House,"266 Monterey Rd  Ste A  South Pasadena, CA 91030",(323) 474-6753
Chase Bank,"1305 Fair Oaks Ave  South Pasadena, CA 91030",(626) 441-5151
Chesbro Ornamental Pruning,"1018 Adelaine Ave  South Pasadena, CA 91030",(626) 799-4552
Chiropractic Health Center,"1826 Fremont Ave  South Pasadena, CA 91030",(626) 441-2179
Chris Medina PHP,"South Pasadena, CA 91030",(323) 825-9122
Chucks Appliance Service,"917 Fair Oaks Ave  South Pasadena, CA 91030",(626) 792-1231
City Dental,"711 Fair Oaks Ave  Ste B  South Pasadena, CA 91030",(626) 799-9909
City Of Hope South Pasadena,"209 Fair Oaks Ave  South Pasadena, CA 91030",(626) 396-2900
City of South Pasadena Community Services Classes,"815 Mission St  South Pasadena, CA 91030",(626) 403-7380
Cloverleaf Therapeutic Massage,"1605 Hope St  Ste 350  South Pasadena, CA 91030",(626) 233-1051
Colonial House,"1124 Mission St  South Pasadena, CA 91030",(626) 403-6554
Comerica Bank,"824 Fair Oaks Ave  South Pasadena, CA 91030",(626) 799-6432
Comprehensive Wellness Center,"503 Fair Oaks  South Pasadena, CA 91030",(626) 449-7000
Cos&Pi,"303 Pasadena Ave  South Pasadena, CA 91030",(626) 460-6030
Cristin at Blackbyrd,"1020 Fair Oaks Ave  South Pasadena, CA 91030",(626) 298-3558
Crux Studio,"1510 Oxley St  Ste B  South Pasadena, CA 91030",(626) 817-0813
Cynthia Bennett & Associates,"501 Fair Oaks Ave  South Pasadena, CA 91030",(626) 799-9701
D & S Printing,"917 Fremont Ave  South Pasadena, CA 91030",(626) 799-1129
DJ Fernandez Massage,"South Pasadena, CA 91030",(323) 798-2858
DMS Facility Services,"1040 Arroyo Dr  South Pasadena, CA 91030",(626) 305-8500
Dahl Architects,"1134 El Centro St  South Pasadena, CA 91030",(626) 564-0011
Daniel Avitia Photography,"South Pasadena, CA 91030",(760) 900-4757
Darling Devil's Makeup,"South Pasadena, CA 91030",(323) 428-8069
David Morales - State Farm Insurance Agent,"711 Mission St Ste A  South Pasadena, CA 91030",(626) 441-1163
Daytime,"711 Fair Oaks Ave  Ste G  South Pasadena, CA 91030",(626) 799-9919
De Milo Design,"1401 Mission St  Ste 103  South Pasadena, CA 91030",(626) 403-0317
Del Mar Birth Center,"1416 El Centro St  Ste 100  South Pasadena, CA 91030",(626) 577-2229
Dentists of South Pasadena,"813 Fair Oaks Ave  South Pasadena, CA 91030",(626) 593-0053
Dj Nails & Spa,"1439 Huntington Dr  South Pasadena, CA 91030",(626) 441-0681
Dogs Love Walks,"South Pasadena, CA 91030",(562) 286-1587
Dolphin Mobile Live Scan,"1217 Marengo Ave  South Pasadena, CA 91030",(626) 808-4066
Dr. Detail PhD,"1609 Fremont Ave  South Pasadena, CA 91030",(800) 427-3929
Dual Crossroads,"1005-B Mission St  South Pasadena, CA 91030",(626) 399-0795
Duncan Taylor,"1020 Mission St  Unit H  South Pasadena, CA 91030",(626) 441-4706
Dynamite Plumbing,"South Pasadena, CA 91030",(626) 319-5355
EVER Album Design,"South Pasadena, CA 91031",(626) 888-9564
East West Bank,"1001 Fair Oaks Ave  South Pasadena, CA 91030",(323) 682-3831
Ecco Hair Studio,"1017 El Centro St  South Pasadena, CA 91030",(626) 799-6446
Electric Car Charger Los Angeles,"1728 Grevelia St  South Pasadena, CA 91030",(323) 809-0178
Elegant Nails & Hair,"1128 Fair Oaks Ave  South Pasadena, CA 91030",(626) 441-4951
Elements Dental Office,"1414 Fair Oaks Ave  Ste 9  South Pasadena, CA 91030",(626) 441-0899
Elite Chiropractic,"630 Mission St  Ste C  South Pasadena, CA 91030",(626) 460-8988
Elite Cleaners,"1310 Fair Oaks Ave  South Pasadena, CA 91030",(626) 799-0836
Elite Stone Fabricators,"843 Mission St  South Pasadena, CA 91030",(626) 441-7910
Ellen's Silkscreening,"1500 Mission St  South Pasadena, CA 91030",(626) 441-4415
Emrick Garam Success Coach,"San Pascual Ave  South Pasadena, CA 91030",(323) 537-6757
Enrique Arevalo,"505 Mission St  South Pasadena, CA 91030",(626) 799-6585
Equity Smart Home Loans,"1010 Sycamore Ave  Ste 106  South Pasadena, CA 91030",(323) 258-4317
Erika Beauty Artistry,"1128 Mission St  South Pasadena, CA 91030",
Estate Jewelers,"700 S Fair Oaks Ave  Ste C  South Pasadena, CA 91030",(626) 441-0621
Express Cleaners,"700 Fair Oaks Ave  Ste H  South Pasadena, CA 91030",(626) 799-6049
Express Employment Professionals,"709 Fremont Ave  Ste A  South Pasadena, CA 91030",(626) 844-3562
Extra Space Storage,"919 Mission St  South Pasadena, CA 91030",(626) 441-4444
Fair Oaks Cigars & Spirits,"806 Fair Oaks Ave  South Pasadena, CA 91030",(626) 441-1457
Fair Oaks Orthodontics,"1318 Fair Oaks Ave  Ste A  South Pasadena, CA 91030",(626) 795-5978
Fair Oaks Pharmacy and Soda Fountain,"1526 Mission St  South Pasadena, CA 91030",(626) 799-1414
Fair Oaks Smog Test,"1200 Fair Oaks Ave  South Pasadena, CA 91030",(626) 399-0754
Family Chiropractic Center,"1017 Fremont Ave  Ste A  South Pasadena, CA 91030",(626) 441-4888
Fanta-Sea Grill,"912 Fair Oaks Ave  South Pasadena, CA 91030",(626) 799-5588
Fatboy Marketing Company,"1441 Huntington Dr  Ste 141  South Pasadena, CA 91030",(800) 454-9024
FedEx Office Print & Ship Center,"460 Fair Oaks Ave  South Pasadena, CA 91030",(626) 403-6690
Felix I Hernandez - Premiere Realtor,"South Pasadena, CA 91030",(626) 765-7776
Fessenden Pool Service,"1107 Fair Oaks Ave  Ste 56  Pasadena, CA 91030",(323) 397-7894
Fiore Market Cafe,"1000 Fremont Ave  South Pasadena, CA 91030",(626) 441-2280
Fit-Fax,"1003 Diamond Ave  Ste 201  South Pasadena, CA 91030",(626) 603-3028
Flower Gallery,"711 Fair Oaks Ave  Unit I  South Pasadena, CA 91030",(626) 799-7111
Fly Girl Studio,"1032 Mission St  South Pasadena, CA 91030",(213) 216-5187
Forte Salon,"1419 Mission St  South Pasadena, CA 91030",(626) 799-7275
Francesca's Dogs,"1015 Brent Ave  South Pasadena, CA 91030",(323) 774-7879
Fremont Centre Theatre,"1000 Fremont Ave  Ste 100  South Pasadena, CA 91030",(626) 441-5977
Fremont Dentistry,"1915 Fremont Ave  South Pasadena, CA 91030",(323) 340-8882
GNC,"458 Fair Oaks Street  South Pasedena, CA 91030",(626) 441-2947
Garden Gnome Design,"100 Mountain Ave  South Pasadena, CA 91030",(626) 872-3409
Garfield Park,"1000 Park Ave  South Pasadena, CA 91030",(626) 403-7380
George Architectural,"847 Mission St  South Pasadena, CA 91030",(626) 441-1199
GiGi Skincare,"1122 Fair Oaks Ave  South Pasadena, CA 91030",(626) 799-3669
Gifted Hands Therapeutic Wellness Center,"1502 Huntington Dr  Ste A  South Pasadena, CA 91030",(626) 441-1001
Giisamex,"220 Monterey Rd  South Pasadena, CA 91030",(626) 316-2347
Golden Oaks Apartments,"1000 El Centro St  Apt 123  South Pasadena, CA 91030",(626) 799-4164
Good Citizen Media Group,"1026 Mission St  South Pasadena, CA 91030",(626) 639-6711
Goss & Company An Accountancy Corporation,"807 Fremont Ave  South Pasadena, CA 91030",(626) 441-8020
Grassroots Natural Market & Kitchen,"1119 Fair Oaks Ave  South Pasadena, CA 91030",(626) 799-0156
Green Brooms Music Academy,"803 Fremont Ave  South Pasadena, CA 91030",(626) 808-4031
Griffins of Kinsale,"1007 Mission St  South Pasadena, CA 91030",(626) 799-0926
Gus's Barbecue,"808 Fair Oaks Ave  South Pasadena, CA 91030",(626) 799-3251
Halvorson's Cleaners,"701 Mission St  South Pasadena, CA 91030",(626) 799-1510
Han's Beauty Store,"700 Fair Oaks Ave  South Pasadena, CA 91030",(626) 799-5271
Hancock Scott A Snyder Hancock & Ashworth,"1112 Fair Oaks Ave  South Pasadena, CA 91030",(323) 682-2106
Hands On Painting,"South Pasadena, CA 91030",(323) 791-8814
Happy Feet Massage,"1118 Fair Oaks Ave  South Pasadena, CA 91030",(626) 799-3669
Haute Shapes,"1114 Fair Oaks Ave  South Pasadena, CA 91030",(626) 403-9348
Healthy Smile Family Dentistry,"1315 Fair Oaks Ave  Ste 103  South Pasadena, CA 91030",(626) 799-8068
Heliyo Athlete Lab,"1101 Mission St  South Pasadena, CA 91030",(213) 282-3847
Henson & Company CPA's,"2045 Huntington Dr  South Pasadena, CA 91030",(626) 403-4410
Hi Life Burgers,"1326 Fair Oaks Ave  South Pasadena, CA 91030",(626) 799-5401
His & Hers Rentals,"Los Angeles, CA 91030",(323) 450-7562
Hodgson's Antiques,"1005 Mission St  South Pasadena, CA 91030",(626) 799-0229
Holy Family Bookstore,"1519 Fremont Ave  South Pasadena, CA 91030",(626) 403-6133
Holy Family Catholic School,"1301 Rollin St  South Pasadena, CA 91030",(626) 799-4354
Hotbox Vintage,"1127 Mission St  South Pasadena, CA 91030",(626) 344-0244
Howe Estate Sales,"South Pasadena, CA 91031",(626) 755-8950
Huntington Catering,"1929 Huntington Dr  South Pasadena, CA 91030",(626) 795-4200
Huntington Cleaners,"1935 Huntington Dr  South Pasadena, CA 91030",(626) 799-8646
Huntington Dental Excellence,"1730 Huntington Dr  Ste 202  South Pasadena, CA 91030",(626) 441-4339
Huntington Group,"305 Pasadena Ave  South Pasadena, CA 91030",(626) 403-8230
Huntington Oral Surgery and Implant Center,"2050 Huntington Dr  Ste B  South Pasadena, CA 91030",(626) 441-2331
Husco German Auto Service,"719 Mission St  South Pasadena, CA 91030",(626) 799-4176
Hysell & Heinz,"South Pasadena, CA 91030",(626) 408-8883
Impression Hair Studios,"711 S Fair Oaks Ave  Ste P  South Pasadena, CA 91030",(626) 403-0343
Independent Capital Management,"625 Fair Oaks Ave  Ste 290  South Pasadena, CA 91030",(626) 441-1426
Independent Electric,"South Pasadena, CA 91030",(626) 377-6153
Innate Chiropractic & Children Wellness,"1800 Fair Oaks Ave  Ste C  South Pasadena, CA 91030",(626) 219-6999
Integrity Heating & Air Conditioning,"1225 Orange Grove Ave  South Pasadena, CA 91030",(323) 255-2202
J.Soiree,"South Pasadena, CA 91030",(323) 230-3422
Jeannette Martello MD,"701 Fremont Ave  South Pasadena, CA 91030",(626) 403-1747
Jenny Craig Weight Loss Centers,"1143 Fair Oaks Ave  South Pasadena, CA 91030",(626) 799-9669
Jersey Mike's Subs,"462 Fair Oaks Ave  South Pasadena, CA 91030",(626) 403-0400
Johnson Toni Cavanagh PHD,"1101 Fremont Ave  Ste 101  South Pasadena, CA 91030",(626) 799-4522
Joyee Acupuncture & Herbs,"630 Mission St  Ste B  South Pasadena, CA 91030",(626) 799-9888
June Scott Design,"2040 La France Ave  South Pasadena, CA 91030",(626) 765-7074
Juris Mediation and Paralegal Services,"1605 Hope St  Ste 360  South Pasadena, CA 91030",(626) 799-0104
KC & C Concrete Pumping,"1107 Fair Oaks Ave  Ste 134  South Pasadena, CA 91030",(626) 399-0453
Kaldi Coffee and Tea,"1019 El Centro St  South Pasadena, CA 91030",(626) 403-5951
Karen V Kartika,"1910 Huntington Dr  Los Angeles, CA 91030",(626) 639-8279
Kat's Pest Solutions,"South Pasadena, CA 91030",(877) 528-5287
Keeler Dilbeck Realtors,"1499 Huntington Dr  Ste 100  South Pasadena, CA 91030",(626) 799-3020
Kelly's String Studio,"South Pasadena, CA 91030",(626) 222-7919
Ken's Shoes,"711 Fair Oaks Ave  South Pasadena, CA 91030",(626) 799-5380
Kidd's Jewelry Heist,"1510 Mission St  South Pasadena, CA 91030",(626) 319-9510
Kim Hodges,"Los Angeles, CA 91030",(323) 609-3689
Kim's Hapkido,"714 Fair Oaks Ave  South Pasadena, CA 91030",(626) 799-7979
Kimberly Tien - Dilbeck Real Estate,"1499 Huntington Dr  Ste 100  South Pasadena, CA 91030",(240) 506-1271
Kin Health & Wellness,"1416 El Centro St  South Pasadena, CA 91030",(626) 403-5018
Koko Drains,"South Pasadena, CA 91030",(626) 695-9323
Kon-Tiki Taco Catering,"1929 Huntington Dr  South Pasadena, CA 91030",(888) 558-9515
L.A. Testing,"159 Pasadena Ave  South Pasadena, CA 91030",(800) 303-0047
La Memoire Fine Jewelers,"1502 Mission St  South Pasadena, CA 91030",(626) 799-6315
La Monarca Bakery,"1001 Mission St  South Pasadena, CA 91030",(626) 403-6860
Larry's Union Service,"1100 Mission St  South Pasadena, CA 91030",(626) 799-2497
Lash Lift By Toni,"1128 Mission St  South Pasadena, CA 91030",(832) 607-1612
Law Office of Jesse A Verdin,"1605 Hope St  Ste 360  South Pasadena, CA 91030",(626) 799-0104
Law Offices Of Jesus Silva Jr,"625 Fair Oaks Ave  Ste 101  South Pasadena, CA 91030",(626) 799-3118
Law Offices of Gibson Kenneth L,"2130 Huntington Dr  South Pasadena, CA 91030",(626) 403-9812
Law Offices of Kenneth S Li,"803 Fremont Ave  South Pasadena, CA 91030",(626) 281-2474
Law Offices of Paul Yee,"1401 Mission St  Ste C1  South Pasadena, CA 91030",(626) 799-4900
Le Car Auto Repair,"1117 Mission St  South Pasadena, CA 91030",(626) 799-8285
Lean by Marco,"1610 Mission St  South Pasadena, CA 91030",(626) 590-9024
LearningEdge Education Center,"1315 Fair Oaks Ave  Ste 101  South Pasadena, CA 91030",(626) 799-2654
Legal Document Assistance by Koudsi,"South Pasadena, CA 91030",(626) 394-2467
Let Jim Fix It,"Los Angeles, CA 91030",(626) 421-3600
Let's Dance SP,"435 Fair Oaks Ave  South Pasadena, CA 91030",(323) 810-6257
Lifesaver Education,"1510 Huntington Dr  South Pasadena, CA 91030",(626) 441-3406
Light The Vows,"1008 Mission St  Los Angeles, CA 91030",(323) 309-7161
Lilhearts Photography,"1315 Fair Oaks Ave  South Pasadena, CA 91030",(626) 441-8803
Linda Bortell Psy.D.,"1605 Hope St  Ste 210  South Pasadena, CA 91030",(626) 799-7941
Little Crown Pediatric Dentistry - Mission,"1427 Mission St  South Pasadena, CA 91030",(626) 403-1800
Little Crown Pediatric Dentistry,"1525 Fair Oaks Ave  South Pasadena, CA 91030",(626) 403-6500
Loan Girl,"1517 Fair Oaks Ave  Ste C  South Pasadena, CA 91030",(323) 303-6061
Logical Rooter & Drain Cleaning Services,"South Pasadena, CA 91030",(800) 657-2917
Love On Paper,"Newcastle, WA 91030",(425) 686-9305
Lucha's Comfort Footwear,"921 Fair Oaks Ave  South Pasadena, CA 91030",(626) 799-6891
Ludwig Marketing & Sales,"628 1/2 Brent Ave  South Pasadena, CA 91030",(626) 399-0331
M&H Locksmith,"South Pasadena, CA 91030",(818) 287-6072
MD's Florist,"South Pasadena, CA 91030",(626) 403-5699
MR Electric,"2038 Empress Ave  South Pasadena, CA 91030",(626) 383-2492
Magic Cleaners & Laundry,"1113 Fair Oaks Ave  South Pasadena, CA 91030",(626) 799-8185
Malloy Ronald PHD,"1138 Fremont Ave  Ste 203  South Pasadena, CA 91030",(626) 403-8389
Mamma's Brick Oven Pizza & Pasta,"710 Fair Oaks Ave  South Pasadena, CA 91030",(626) 799-1344
Manibog Law,"625 Fair Oaks Ave  Ste 101  South Pasadena, CA 91030",(626) 577-5444
Marc Ellis - Trusted Real Estate Advsior,"812 Fair Oaks Ave  South Pasadena, CA 91030",(626) 318-6844
Martello Jeanette,"701 Fremont Ave  South Pasadena, CA 91030",(626) 403-0497
Marvels of Knitting,"South Pasadena, CA 91030",
Marz,"1512 Mission St  South Pasadena, CA 91030",(626) 799-4032
Massage Envy - South Pasadena,"1136 Fair Oaks Ave  South Pasadena, CA 91030",(626) 403-6000
Massage For Life,"South Pasadena, CA 91030",(626) 765-5960
Massage Villa,"1437 Huntington Dr  South Pasadena, CA 91030",(626) 799-9990
Mathnasium of South Pasadena,"1109 Fair Oaks Ave  South Pasadena, CA 91030",(626) 532-7587
McDonald's,"716 Fair Oaks Ave  South Pasadena, CA 91030",(626) 799-9242
Micah & Megan Photographers,"South Pasadena, CA 91030",(818) 512-4136
Michael Hollis Fine Art,"238 Pasadena Ave  South Pasadena, CA 91030",(626) 441-4333
Michael Sohl - Supreme Lending,"630 Mission St  Ste C-1  South Pasadena, CA 91030",(626) 657-6174
Mike & Anne's Restaurant,"1040 Mission St  Ste 102  South Pasadena, CA 91030",(626) 799-7199
Mike Wu - CurbPerfect Real Estate Team,"1499 Huntington Dr  Keller Williams Realty  South Pasadena, CA 91030",(310) 989-8788
Mission Chiropractic Works,"507 Mission St  South Pasadena, CA 91030",(626) 808-6915
Mission Dental,"1401 Mission St  Unit C4  South Pasadena, CA 91030",(626) 399-0204
Mission Framing,"1501 Mission St  South Pasadena, CA 91030",(626) 799-3445
Mission Gardens,"1026 Fair Oaks  South Pasadena, CA 91030",(323) 864-9952
Mission Gold Line Station,"805 S Meridian Ave  South Pasadena, CA 91030",(800) 366-6883
Mission Millworks,"849 Mission St  South Pasadena, CA 91030",(626) 441-8509
Mission Street Yoga,"1017 Mission St  South Pasadena, CA 91030",(626) 441-1144
Mission Ten Eleven Salon,"1011-B Mission St  South Pasadena, CA 91030",(626) 403-6652
Mission Tile West,"853 Mission St  South Pasadena, CA 91030",(626) 799-4595
Mission West Kitchen & Bath,"905 Mission St  South Pasadena, CA 91030",(626) 799-3503
Mission Wines,"1114 Mission St  South Pasadena, CA 91030",(626) 403-9463
Mobile Bartenders United,"South Pasadena, CA 91030",(628) 232-1805
Morrow & Holman Plumbing,"835 El Centro St  South Pasadena, CA 91030",(626) 799-3115
Mosaic - South Pasadena,"1023 Fair Oaks Ave  South Pasadena, CA 91030",
Movers South Pasadena,"1623 Mission St  South Pasadena, CA 91030",(626) 710-4054
Moving Experts,"South Pasadena, CA 91030",(888) 467-5738
My Salon,"1612 Mission St  South Pasadena, CA 91030",
Nail Lounge,"700 Fair Oaks Ave  Ste D  South Pasadena, CA 91030",(626) 799-3667
Nancy Galarza - The Divine Real Estate Group,"406 Monterey Rd  South Pasadena, CA 91030",(562) 652-8523
Nareg Kaprielian - Huntington Mortgage,"305 Pasedena Ave  South Pasedena, CA 91030",(818) 903-8204
New Life Acupuncture & Herb Center,"1414 Fair Oaks Ave  Unit 1A  South Pasadena, CA 91030",(626) 340-1489
New Shine Bathtub Refinishing,"927 1/2 Indiana  South Pasadena, CA 91030",(626) 360-9111
New Vision Dental,"1506 Huntington Dr  South Pasadena, CA 91030",(626) 799-2888
Nicole's Market & Cafe,"921 Meridian Ave  Unit B  South Pasadena, CA 91030",(626) 403-5751
Nizinski Hypnotherapy,"1260 Huntington Dr  Ste 201-C  South Pasadena, CA 91030",(818) 255-3679
Nott & Associates,"1508 Mission St  South Pasadena, CA 91030",(626) 460-6172
Oak Tree Inn,"1315 Fair Oaks Ave  South Pasadena, CA 91030",(323) 682-2882
Oculus Optometry,"1024 Mission St  Ste B  South Pasadena, CA 91030",(626) 460-6022
Old Focals Optical,"1110 Mission St  South Pasadena, CA 91030",(626) 799-7073
Oneonta Cooperative Nursery School,"1515 Garfield Ave  South Pasadena, CA 91030",(626) 799-3105
Oneonta,"1515 Garfield Ave  South Pasadena, CA 91030",(626) 799-6161
Ostrich Farm Studio,"1010 Sycamore Ave  Ste 107  South Pasadena, CA 91030",(323) 739-6506
Out of Hock Drum Studio,"862 Garfield Ave  South Pasadena, CA 91030",(626) 644-0450
PALETTE Salon Studios,"1128 Mission St  South Pasadena, CA 91030",(626) 460-8477
Pappas Alex P DDS,"2050 Huntington Dr  Ste A  South Pasadena, CA 91030",(626) 441-2975
Pasadena Veterinary Specialists,"1412 Huntington Dr  South Pasadena, CA 91030",(626) 403-6824
Patty Othon Photography,"Pasadena, CA 91030",
Pavilions,"1213 S Fair Oaks Ave  South Pasadena, CA 91030",(626) 799-2261
Payke Gymnastics Academy,"1122 Mission St  South Pasadena, CA 91030",(626) 799-5050
Peaceful Transitions Home Euthanasia Care,"South Pasadena, CA 91030",(213) 394-8019
Pedal Spin Studio,"266 Monterey Rd  South Pasadena, CA 91030",(323) 550-1501
Peltier Home,"1011 A Mission St  A  South Pasadena, CA 91030",(626) 799-2265
Penguin's Frozen Yogurt & Coffee,"1105 Fair Oaks Ave  South Pasadena, CA 91030",(626) 403-5000
Performance Star Smog,"718 Fair Oaks Ave  South Pasadena, CA 91030",(626) 799-9018
Pet's Delight,"725 Fair Oaks Ave  South Pasadena, CA 91030",(626) 799-2935
Petal,"South Pasadena, CA 91030",(626) 441-2669
Picnic Lightning Photography,"South Pasadena, CA 91030",(626) 765-1955
Pike Construction,"South Pasadena, CA 91030",(626) 864-9305
Pink Nails,"711 Fair Oaks Ave  South Pasadena, CA 91030",(626) 219-6640
Playhouse Pilates,"1000 Fremont Ave  Ste 120  South Pasadena, CA 91030",(626) 371-0000
Pointe by Pointe Dance Studio,"1315 Fair Oaks Ave  Ste 104  South Pasadena, CA 91030",(818) 554-2651
Priority One Credit Union,"1631 Huntington Dr  South Pasadena, CA 91030",(877) 762-8663
Private Security,"1441 Huntington Dr  Ste 124  South Pasadena, CA 91030",(800) 924-4880
Pro Beauty of South Pasadena,"1123 Fair Oaks Ave  South Pasadena, CA 91030",(626) 441-7277
Purple Pen Productions,"1107 Fair Oaks Ave  Ste 27  South Pasadena, CA 91030",(213) 330-0481
Quick & Clean,"1331 Huntington Dr  South Pasadena, CA 91030",(323) 257-0098
Quilted with Felicity,"South Pasadena, CA 91030",
R & H Nails,"700 Fair Oaks Ave  South Pasadena, CA 91030",(626) 202-5358
Rachelle Salon,"1522 Mission St  South Pasadena, CA 91030",(626) 441-8015
Rainbow Jewelry,"1110 Fair Oaks Ave  South Pasadena, CA 91030",(626) 441-3908
Ralphs Pharmacy No 21,"1745 Garfield Ave  South Pasadena, CA 91030",(626) 799-2926
Ralphs,"1745 Garfield Ave  South Pasadena, CA 91031",(626) 403-0082
Ramos A Rene,"1605 Hope St  South Pasadena, CA 91030",
Raphael's World,"1026 Fair Oaks Ave  South Pasadena, CA 91030",
Rashell Beauty,"822 Fair Oaks Ave  South Pasadena, CA 91030",(310) 990-1725
Rasta Taco,"1929 Huntington Dr  South Pasadena, CA 91030",(866) 967-2782
Ready Wellness - Optimal Health Through Nutrition & Movement,"South Pasadena, CA 91030",(626) 622-1226
Rebekka Lien - Real Estate Heaven,"1517 S Fair Oaks Ave  Ste B  South Pasadena CA, CA 91030",(626) 230-3238
Reda Beebe - Dilbeck Real Estate/Real Living,"1499 Huntington Dr  South Pasadena, CA 91030",(323) 394-9008
Reedy's Barbershop,"1108 Mission St  South Pasadena, CA 91030",(626) 441-9607
Regina's Music Studio,"1132 Mission St  Ste A  South Pasadena, CA 91030",(626) 410-5258
Reiki Nutrition Wellness,"South Pasadena, CA 91030",(323) 336-1578
Reimagine Your Home,"1518 Mission St  South Pasadena, CA 91030",(626) 799-3656
RejuvaYou Medical Spas,"1024 Mission St  Ste A  South Pasadena, CA 91030",(626) 414-5580
Renew Harmony Wellness,"1122 Fair Oaks Ave  South Pasadena, CA 91030",(626) 201-9037
Retina Eye Specialists,"1936 Huntington Dr  Ste A  South Pasadena, CA 91030",(626) 202-2446
Retreat,"950 Mission St  South Pasadena, CA 91030",(626) 639-3365
Reverse Mortgages - Los Angeles,"1010 Sycamore Ave  Ste 106  South Pasadena, CA 91030",(800) 431-7002
Richard G Fong,"1949 Huntington Dr  South Pasadena, CA 91030",(626) 799-8855
Riegel Property Management,"634 Mission St  South Pasadena, CA 91030",(626) 799-2211
Riley Thomas P Law Offices,"1114 Fremont Ave  South Pasadena, CA 91030",(213) 229-9292
Rite Aid,"914 Fair Oaks Ave  South Pasadena, CA 91030",(626) 441-3702
Rob Schaumann,"1499 Huntington Dr  Ste 100  Dilbeck Real Estate  Los Angeles, CA 91030",(626) 590-4596
Rosebuds Rosestuds,"1012 B Mission St  South Pasadena, CA 91030",(626) 403-7673
Rosemary Children's Services Foster Care,"1022 Mission St  South Pasadena, CA 91030",(626) 403-2277
Roseville Designs,"South Pasadena, CA 91030",(530) 727-8203
Round Table Pizza,"1127 Fair Oaks Avenue  South Pasadena, CA 91030",(626) 441-4269
Rue De Mimo,"1514 Mission St  South Pasadena, CA 91030",(626) 441-2690
Ryan Painting Services,"1506 Bank St  South Pasadena, CA 91030",(626) 799-2672
S Pass Driving School,"1140 Fremont Ave  Ste E  South Pasadena, CA 91030",(626) 799-2610
SOPA Studios,"1025 Hope St  South Pasadena, CA 91030",(626) 354-1063
SP Asian Spa Therapy,"1008 1/2 Fair Oaks Ave  South Pasadena, CA 91030",(626) 441-6282
SP Kinesthetic Kids,"699 Monterey Rd  South Pasadena, CA 91030",(323) 258-3690
Salon du Mei,"1130 Fair Oaks Ave  South Pasadena, CA 91030",(626) 799-0118
Salsa HipHop Dance & Fitness,"1315 Fair Oaks Ave  Ste 104  South Pasadena, CA 91030",(323) 543-6780
Sam Andress - Huntington Group,"305 Pasadena Ave  South Pasadena, CA 91030",(626) 419-7793
San Pascual Stables,"221 San Pascual Ave  South Pasadena, CA 91030",(310) 883-4581
Santa Fe Crafts,"1123 Mission St  South Pasadena, CA 91030",(626) 799-3070
Sean J Mason Photography,"803 Meridian Ave  South Pasadena, CA 91030",(626) 329-2557
See's Candies,"464 Fair Oaks Ave  South Pasadena, CA 91030",(626) 799-2180
Seeds of Wellness,"1015 Hope St  Ste C  South Pasadena, CA 91030",(626) 441-2707
Serenity Nail Boutique,"906 Fair Oaks Ave  South Pasadena, CA 91030",(626) 403-6577
Service King Collision Repair of South Pasadena,"1300 Fair Oaks Ave  South Pasadena, CA 91030",(626) 441-0171
Señor Fish,"618 Mission St  South Pasadena, CA 91030",(626) 403-0145
Shaggy Monkey Children's Hair Salon,"1605 Hope St  South Pasadena, CA 91030",(626) 799-4247
Sharon Miyano Interior Design Studio,"South Pasadena, CA 91030",(626) 512-1672
Shaw Moses Mendenhall and Associates - SMMA Insurance,"625 Fair Oaks Ave  Ste 158  South Pasadena, CA 91030",(626) 799-7813
Shiro,"1505 Mission St  South Pasadena, CA 91030",(626) 799-4774
Sicara Design,"South Pasadena, CA 91030",(510) 520-0677
Signature Nails,"1321 Huntington Dr  South Pasadena, CA 91030",(323) 256-3350
Simply Better Skin,"1965 W Huntington Dr  South Pasadena, CA 91030",(626) 641-9902
Simply Elegant Catering,"1929 Huntington Dr  South Pasadena, CA 91030",(626) 799-6468
Simply Green Solutions,"South Pasadena, CA 91030",(626) 943-2828
Sinai Dental Practice,"820 Mission St  Unit A  South Pasadena, CA 91030",(626) 405-9090
Sincerely Mia,"1128 Mission St  South Pasadena, CA 91030",(562) 644-2022
Sincerely Vave,"915 Fremont Ave  South Pasadena, CA 91030",(323) 487-9147
Skincare By Lynette,"820 Fair Oaks Ave  South Pasadena, CA 91030",(818) 903-7469
Skintessa,"1128 Mission St  Sola Salon Studios  South Pasadena, CA 91030",(626) 254-3305
Smart Remodeling,"Alhambra, CA 91030",(626) 833-2833
SmileHaus Orthodontics,"1414 Fair Oaks Ave  Ste 7  South Pasadena, CA 91030",(626) 788-5911
So Hormonal,"1416 El Centro St  Ste 300  So Hormonal Functional Medicine  South Pasadena, CA 91030",(626) 768-1232
Solutions Electrical & Telecommunications,"714 Fairview Ave  South Pasadena, CA 91030",(818) 518-8842
Sophie's Place Family Child Care,"708 Charter Oak St  South Pasadena, CA 91030",(626) 755-7462
South Pasadena Animal Hospital,"1911 Fremont Ave  South Pasadena, CA 91030",(323) 254-2294
South Pasadena Best Appliance Service,"1811 Fair Oaks Ave  South Pasadena, CA 91030",(323) 441-8089
South Pasadena Chiropractic Wellness Center,"1260 Huntington Dr  Ste 101  South Pasadena, CA 91030",(323) 344-1423
South Pasadena Computer repair,"1730 Grevelia St  South Pasadena, CA 91030",(626) 789-7789
South Pasadena Dental,"1140 Fremont Ave  South Pasadena, CA 91030",(626) 325-0331
South Pasadena Eye Care Optometry,"1103 Fair Oaks Ave  South Pasadena, CA 91030",(626) 441-0770
South Pasadena Farmers' Market,"905 Meridian Ave  South Pasadena, CA 91030",(626) 403-2820
South Pasadena Gold Line Station,"625 Fair Oaks Ave  South Pasadena, CA 91030",(626) 799-0080
South Pasadena Guitar Dojo,"1132 Mission St  Ste B1  South Pasadena, CA 91030",(323) 828-9351
South Pasadena Junk Removal Service,"South Pasadena, CA 91030",(626) 251-9988
South Pasadena Locksmith,"South Pasadena, CA 91030",(626) 788-2363
South Pasadena Middle School,"1500 Fair Oaks Ave  South Pasadena, CA 91030",(626) 441-5830
South Pasadena Music Center and Conservatory,"1509 Mission St  South Pasadena, CA 91030",(626) 403-2300
South Pasadena Nail Salon,"1310-B Fair Oaks Ave  South Pasadena, CA 91030",(626) 799-4388
South Pasadena Optometric Group,"729 Mission St  Ste 200  South Pasadena, CA 91030",(626) 441-5300
South Pasadena Oral Surgery,"1141 Fremont Ave  South Pasadena, CA 91030",(626) 799-2999
South Pasadena Police Department,"1422 Mission St  South Pasadena, CA 91030",(626) 403-7297
South Pasadena Review,"625 Fair Oaks Ave  Ste 160  South Pasadena, CA 91030",(626) 799-1161
South Pasadena Rug Gallery,"1012 Mission St  Ste A  South Pasadena, CA 91030",(626) 460-8424
South Pasadena Strings Program,"South Pasadena, CA 91030",(626) 403-4611
South Pasadena Unified School District,"1020 El Centro St  South Pasadena, CA 91030",(626) 441-5810
South Pasadena-San Marino YMCA,"1605 Garfield Ave  South Pasadena, CA 91030",(626) 799-9119
SouthPasadenan,"1127 Mission St  South Pasadena, CA 91030",(800) 420-9280
Speers TV,"919 Fair Oaks Ave  South Pasadena, CA 91030",(626) 799-3639
Sport Clips Haircuts of South Pasadena - Fair Oaks,"1124 Fair Oaks Ave  South Pasadena, CA 91030",(626) 800-1417
Spotted Hen Catering,"Los Angeles, CA 91030",(323) 255-0800
Square Deal Barbershop,"1108 Mission St  South Pasadena, CA 91030",(626) 524-1108
St James Episcopal Church,"1325 Monterey Rd  South Pasadena, CA 91030",(626) 799-9194
St James Parish Day School,"1325 Monterey Rd  South Pasadena, CA 91030",(626) 799-6906
Starbase Net Computer,"1323 Huntington Dr  South Pasadena, CA 91030",(323) 254-3186
Starbucks,"1000 S Fair Oaks Ave  Pasadena, CA 91030",(626) 441-2754
Starbucks,"1213 Fair Oaks Ave  Vons-South Pasadena #2228  South Pasadena, CA 91030",(626) 799-2261
Starbucks,"1318 Huntington Drive  South Pasadena, CA 91030",(323) 255-1684
Starbucks,"454 North Fair Oaks Ave  South Pasadena, CA 91030",(626) 441-7354
Staysi Sill at Say Yes Real Estate,"305 Pasadena Ave  Huntington Group  South Pasadena, CA 91030",(626) 676-2887
Strategic Choices Financial,"1445 Huntington Dr  Ste 325  South Pasadena, CA 91030",(626) 441-2284
Studio 33 Design,"South Pasadena, CA 91030",(626) 799-0246
Studio Flamenco,"721 Mound Ave  South Pasadena, CA 91030",(626) 403-7489
Styles by Vicky,"South Pasadena, CA 91030",(626) 354-6720
Sugar Fix LA,"915 Fremont Ave  South Pasadena, CA 91030",(626) 656-3414
SugarMynt Gallery,"810 Meridian Ave  South Pasadena, CA 91030",(626) 222-7257
Sun-Kap Enterprises,"1260 Huntington Dr  Ste 205  South Pasadena, CA 91030",(323) 254-2729
Sunsational Tan,"1130 Fair Oaks Ave  South Pasadena, CA 91030",(626) 799-0118
Super Nova Warehouse,"1929 Huntington Dr  South Pasadena, CA 91030",(562) 413-6222
Supercuts,"1141 Fair Oaks Ave  Vons Shopping Center  South Pasadena, CA 91030",(626) 799-9135
Superstar of German Cars,"811 Fairview Ave  South Pasadena, CA 91030",(626) 799-8163
Susan Pickering Photography,"South Pasadena, CA 91030",(626) 390-2375
Susanne Hollis Inc,"230 Pasadena Ave  South Pasadena, CA 91030",(626) 441-0346
Swarthy's Beard & Hair Design,"1014 Fair Oaks Ave  South Pasadena, CA 91030",(626) 378-2887
T&S Piano,"South Pasadena, CA 91030",(626) 799-3490
T-Mobile,"1318 Huntington Dr  Ste B  South Pasadena, CA 91030",(323) 256-2789
TJ Design Furniture,"South Pasadena, CA 91030",(323) 271-8746
TLC Pet Medical Center,"1412 Huntington Dr  South Pasadena, CA 91030",(626) 441-8555
Tahoe Pumpkin Patch & Christmas Tree Lots,"1141 Mission St  South Pasadena, CA 91030",(626) 238-4463
TalkToPaul,"1517 S Fair Oaks Ave  Ste B  South Pasadena, CA 91030",(855) 654-7285
Tam Philemon Ms DC,"1826 Fremont Ave  South Pasadena, CA 91030",(626) 441-2179
Tax Strategies,"1260 Huntington Dr  Ste 201E  South Pasadena, CA 91030",(323) 478-2650
Thairapy South Pasadena,"815 Fairview Ave  South Pasadena, CA 91030",(626) 441-2062
The Barkley Restaurant & Bar,"1400 Huntington Dr  South Pasadena, CA 91030",(626) 799-0758
The Beautx Laser & Skin Care,"1132 Fair Oaks Ave  South Pasadena, CA 91030",(626) 787-1133
The Bissell House Bed & Breakfast,"201 Orange Grove Ave  South Pasadena, CA 91030",(626) 441-3535
The Chiropractic Offices Of Dr Gary Vitullo,"729 Mission St  Ste 150B  South Pasadena, CA 91030",(626) 403-0380
The Coffee Bean & Tea Leaf,"700 Fair Oaks  #A  South Pasadena, CA 91030",(626) 403-2141
The Dinosaur Farm,"1510 Mission St  South Pasadena, CA 91030",(626) 441-2767
The Illustrated Man at Freemont Theater,"1000 Fremont Ave  South Pasadena, CA 91030",(626) 441-5977
The Ivory Suite Bridal Boutique,"803 Meridian Ave  South Pasadena, CA 91030",(626) 799-2991
The Jireh Group,"1116 Fair Oaks Ave  South Pasadena, CA 91030",(626) 324-9448
The Jonathan Group,"917 Indiana Ave  South Pasadena, CA 91030",(626) 403-6741
The Law Office Of Luis N Valdivia,"1605 Hope St  Ste 360  Fair Hope Building  South Pasadena, CA 91030",(323) 529-3493
The Massage Place,"700 Fair Oaks Ave  South Pasadena, CA 91030",(626) 799-0200
The Maya Salon,"1032 Mission St  South Pasadena, CA 91030",(626) 219-6273
The Red Shoes,"1018 Mission St  Ste 1  South Pasadena, CA 91030",(626) 799-8615
The Strategic Bar Coach,"South Pasadena, CA 91031",(626) 441-0011
The Terraces At South Pasadena Apts,"410 Raymondale Dr  South Pasadena, CA 91030",(626) 799-7647
The UPS Store,"1107 Fair Oaks Ave  South Pasadena, CA 91030",(626) 799-4589
The Urban Pet,"900 Fair Oaks Ave  South Pasadena, CA 91030",(626) 403-9100
The Youth Center at St James,"1325 Monterey Rd  South Pasadena, CA 91030",(626) 799-6303
Thistle Plumbing,"287 Grace Dr  South Pasadena, CA 91030",(626) 616-9353
Tiger Bingo,"1401 Fremont Ave  South Pasadena High School  South Pasadena, CA 91030",(213) 595-1561
Tinzee Nail Salon,"436 Fair Oaks Ave  South Pasadena, CA 91030",(626) 403-3311
Tips 2 Toes Nails & Hair,"622 Mission St  South Pasadena, CA 91030",(626) 531-5481
Trader Joe's,"613 Mission St  South Pasadena, CA 91030",(626) 441-6263
TreceCielos,"220 Monterey Rd  South Pasadena, CA 91030",(818) 915-5473
Two Kids Coffee,"1504 Mission St  South Pasadena, CA 91030",(626) 250-9218
U S Bank,"1153 Fair Oaks Ave  South Pasadena, CA 91030",(626) 403-7900
US Post Office,"1001 Fremont Ave  South Pasadena, CA 91030",(626) 799-3024
Underground Skate Supply,"1905 Fremont Ave  Ste 2  South Pasadena, CA 91030",(323) 999-7447
Unity Hospice,"149 Pasadena Ave  South Pasadena, CA 91030",(818) 290-3063
Urban Kitchen,"1009 1/2 Fair Oaks Ave  South Pasadena, CA 91030",(626) 403-5633
Vana Watch & Jewelry,"1401 Mission St  Ste C6  South Pasadena, CA 91030",(626) 799-9919
Vet Villa Animal Hospital,"2140 Huntington Dr  South Pasadena, CA 91030",(626) 799-5900
Videotheque,"1020 Mission St  Unit J  South Pasadena, CA 91030",(626) 403-6621
Voelker Construction and Painting,"3016 E Colorado Blvd  Ste 5594  Pasadena, CA 91030",(626) 354-7139
Vons,"1129 Fair Oaks Ave  South Pasadena, CA 91030",(626) 441-3898
Waggy Trails,"South Pasadena, CA 91030",(562) 552-6127
Wang Center for Naturopathic Health,"1730 Huntington Dr  Ste 204  Pasadena, CA 91030",(626) 808-4365
Wax Boutique LA,"822 Fair Oaks Ave  South Pasadena, CA 91030",(949) 209-7561
Wealth Realty,"815 Fair Oaks  South Pasadena, CA 91030",(626) 441-2848
Weber Chen Medical,"1936 Huntington Dr  Ste C  South Pasadena, CA 91030",(626) 288-0008
Wells Fargo Bank,"1000 Fair Oaks Ave  South Pasadena, CA 91030",(626) 799-4144
Winchell's Donuts,"438 Fair Oaks Blvd  S. Pasadena, CA 91030",(626) 799-9324
Wishing Well Entertainment,"South Pasadena, CA 91030",(714) 353-1234
Woman's Club of South Pasadena,"1424 Fremont Ave  South Pasadena, CA 91030",(626) 799-9309
Wu Orthodontics,"1525 Fair Oaks Ave  South Pasadena, CA 91030",(626) 403-6500
Yoko,"1018 Mission St  South Pasadena, CA 91030",(626) 441-4758
Young Stars Theatre,"1000 Fremont Ave  Ste 100  Fremont Centre Theatre  South Pasadena, CA 91030",(626) 269-3609
Yuri Sinata Hair and Makeup,"1128 Mission St  South Pasadena, CA 91030",(626) 460-8477
Zen 2002,"1315 Fair Oaks Ave  Ste 203  South Pasadena, CA 91030",(626) 799-2002
